SKU,Qty
WW100,9
WW100x2,8
WW100x3,8
WW101,5
WW101x2,4
WW101x3,4
WW102,2
WW102x2,4
WW102x3,3
WW103,7
WW103x2,10
WW103x3,8
WW104,8
WW104x2,4
WW104x3,1
WW105,8
WW105x2,1
WW105x3,4
WW106,8
WW106x2,2
WW106x3,2
WW107,24
WW107x2,12
WW107x3,12
WW108,8
WW108x2,2
WW108x3,2
WW124,56
WW124x2,2
WW124x3,4
WW125,36
WW125x2,4
WW125x3,1
WW126,0
WW126x2,1
WW126x3,4
WW127x2,0
WW127x3,0
WW128,16
WW128x2,2
WW128x3,1
WW129x2,1
WW129x3,1
WW130,0
WW130x2,0
WW130x3,0
WW131,9
WW131x2,1
WW131x3,4
WW132,10
WW132x2,1
WW132x3,2
WW133,19
WW133x2,1
WW133x3,1
WW134,14
WW134x2,2
WW134x3,1
WW135,3
WW135x2,0
WW135x3,0
WW158A,4
WW158Ax2,1
WW158Ax3,0
WW159Ax2,1
WW159Ax3,1
WW160Ax2,1
WW160Ax3,1
WW161A,0
WW161Ax2,0
WW161Ax3,0
WW162A,24
WW162Ax2,2
WW162Ax3,2
